"","str","formatted.address","entity.type","confidence","lat","lng"
"1","657 2nd St., Monroe, WI 53566","657 2nd St,WI,Green County,United States,657 2nd St, Monroe, WI 53566,Monroe,53566","Address","High","42.61056","-89.653195"
"2","5006 S. Sylvania Ave., Sturtevant, WI 53177","5006 S Sylvania Ave,WI,Racine County,United States,5006 S Sylvania Ave, Sturtevant, WI 53177,Sturtevant,53177","Address","High","42.674801","-87.954864"
"3","300 Hwy. 14, Arena, WI 53503","300 US Highway 14,WI,Iowa County,United States,300 US Highway 14, Arena, WI 53503,Arena,53503","Address","High","43.1618038","-89.9074748"
"4","237 E. Calumet St., Appleton, WI 54915","237 E Calumet St,WI,Outagamie County,United States,237 E Calumet St, Appleton, WI 54915,Appleton,54915","Address","High","44.243886","-88.401236"
"5","14193 Cty. Rd. S, Jim Falls, WI 54748","14193 County Highway S S,WI,Chippewa County,United States,14193 County Highway S S, Jim Falls, WI 54748,Jim Falls,54748","Address","Medium","45.04744","-91.271602"
"6","1605 Linden Dr., Madison, WI 53706","1605 Linden Dr,WI,Dane County,United States,1605 Linden Dr, Madison, WI 53706,Madison,53706","Address","High","43.074828","-89.413566"
"7","N5279 Cty. Rd. G, St. Cloud, WI 53079","N5279 County Road G,WI,Fond Du Lac County,United States,N5279 County Road G, Saint Cloud, WI 53079,Saint Cloud,53079","Address","High","43.731772","-88.17485"
"8","598 Valley View Tr., Somerset, WI 54025","598 Valley View Tr,WI,St. Croix County,United States,598 Valley View Tr, Somerset, WI 54025,Somerset,54025","Address","High","45.064629","-92.681048"
"9","1023 16th Ave., Monroe, WI 53566","1023 16th Ave,WI,Green County,United States,1023 16th Ave, Monroe, WI 53566,Monroe,53566","Address","High","42.601398","-89.640088"
"10","E977 St. Rd. 64, Downing, WI 54734","E977 State Road 64,WI,Dunn County,United States,E977 State Road 64, Downing, WI 54734,Downing,54734","Address","High","45.1350594","-92.1114809"
"11","11600 Washington Ave., Mount Pleasant, WI 53177","11600 Washington Ave,WI,Racine County,United States,11600 Washington Ave, Mount Pleasant, WI 53177,Mount Pleasant,53177","Address","High","42.720842","-87.926744"
"12","21A) 13I 19000 W. Bluemound Rd., Brookfield, WI 53045","19000 W Bluemound Rd,WI,Waukesha County,United States,19000 W Bluemound Rd, Brookfield, WI 53045,Brookfield,53045","Address","High","43.036896","-88.14889"
"13","116 E. Walworth Ave., Delavan, WI 53115","116 E Walworth Ave,WI,Walworth County,United States,116 E Walworth Ave, Delavan, WI 53115,Delavan,53115","Address","High","42.632776","-88.647743"
"14","17975 Cty. F, Darlington, WI 53530","17975 County Road F,WI,Lafayette County,United States,17975 County Road F, Darlington, WI 53530,Darlington,53530","Address","High","42.754766","-90.045536"
"15","11631 St. Rd. 70, Grantsburg, WI 54840","11631 State Road 70,WI,Burnett County,United States,11631 State Road 70, Grantsburg, WI 54840,Grantsburg,54840","Address","High","45.771447","-92.581756"
"16","126 St. Rd. 128, Wilson, WI 54027","126 State Road 128,WI,United States,126 State Road 128, Wilson, WI 54027,Wilson,54027","Address","Medium","44.875723","-92.19939"
"17","1675 Lincoln Ave., Fennimore, WI 53809","1675 Lincoln Ave,WI,Grant County,United States,1675 Lincoln Ave, Fennimore, WI 53809,Fennimore,53809","Address","High","42.977435","-90.655158"
"18","N4858 Hwy. N, Monroe, WI 53566","N4858 County Hwy-N,WI,Green County,United States,N4858 County Hwy-N, Monroe, WI 53566,Monroe,53566","Address","High","42.681487","-89.660431"
"19","8524 Hwy. 51 N., Minocqua, WI 54548","8524 US Highway 51,WI,Oneida County,United States,8524 US Highway 51, Minocqua, WI 54548,Minocqua,54548","Address","High","45.877133","-89.703298"
"20","202 S. Orange St., Richland Center, WI 53581","202 S Orange St,WI,Richland County,United States,202 S Orange St, Richland Center, WI 53581,Richland Center,53581","Address","High","43.334374","-90.389622"
"21","5364 Glennville Rd., Bancroft, WI 54921","5364 Glennville Rd,WI,Portage County,United States,5364 Glennville Rd, Bancroft, WI 54921,Bancroft,54921","Address","High","44.30876","-89.520965"
"22","183 E. Main St., Stoughton, WI 53589","183 E Main St,WI,Dane County,United States,183 E Main St, Stoughton, WI 53589,Stoughton,53589","Address","High","42.916573","-89.219372"
"23","138 W. Bruce St., Milwaukee, WI 53204","138 W Bruce St,WI,Milwaukee County,United States,138 W Bruce St, Milwaukee, WI 53204,Milwaukee,53204","Address","High","43.025426","-87.912179"
"24","230 W. Main St., Omro, WI 54963","230 W Main St,WI,Winnebago County,United States,230 W Main St, Omro, WI 54963,Omro,54963","Address","High","44.039056","-88.746834"
"25","1858 Hwy. 63, Comstock, WI 54826","1858 US Highway 63,WI,Barron County,United States,1858 US Highway 63, Comstock, WI 54826,Comstock,54826","Address","High","45.476232","-92.077507"
"26","410 S. 3rd St., River Falls, WI 54022","410 S 3rd St,WI,Pierce County,United States,410 S 3rd St, River Falls, WI 54022,River Falls,54022","Address","High","44.853142","-92.622728"
"27","E10934 Cty. Hwy. HH, Osseo, WI 54758","E10934 County Hwy-HH,WI,Trempealeau County,United States,E10934 County Hwy-HH, Osseo, WI 54758,Osseo,54758","Address","High","44.643637","-91.308266"
"28","12 S. Carroll St., Madison, WI 53703 ","12 S Carroll St,WI,Dane County,United States,12 S Carroll St, Madison, WI 53703,Madison,53703","Address","High","43.073344","-89.385132"
"29","2401 Cty. Hwy. C, Medford, WI 54451","2401 County Hwy-C,WI,Taylor County,United States,2401 County Hwy-C, Medford, WI 54451,Medford,54451","Address","High","45.120277","-90.191589"
"30","10907 Hwy. 32, Suring, WI 54174","10907 State Highway 32,WI,Oconto County,United States,10907 State Highway 32, Suring, WI 54174,Suring,54174","Address","High","45.07309","-88.425503"
"31","W2663 Cty. Hwy OO, Sheboygan Falls, WI 53085","W2663 County Hwy-OO,WI,Sheboygan County,United States,W2663 County Hwy-OO, Sheboygan Falls, WI 53085,Sheboygan Falls,53085","Address","High","43.652355","-87.8279317"
"32","116 N. Main St., Cuba City, WI 53807","116 N Main St,WI,Grant County,United States,116 N Main St, Cuba City, WI 53807,Cuba City,53807","Address","High","42.606971","-90.430357"
"33","1025 W. Lincoln St., Augusta, WI 54722","1025 W Lincoln St,WI,Eau Claire County,United States,1025 W Lincoln St, Augusta, WI 54722,Augusta,54722","Address","High","44.68336","-91.1323633"
"34","1011 E. Brady St., Milwaukee, WI 53202","1011 E Brady St,WI,Milwaukee County,United States,1011 E Brady St, Milwaukee, WI 53202,Milwaukee,53202","Address","High","43.052805","-87.899244"
"35","N5722 Cty. Rd. C, Rosendale, WI 54974","N5722 County Road C,WI,Fond Du Lac County,United States,N5722 County Road C, Rosendale, WI 54974,Rosendale,54974","Address","High","43.74987","-88.635016"
"36","1173 N. 4th St., Watertown, WI 53098","1173 N 4th St,WI,Jefferson County,United States,1173 N 4th St, Watertown, WI 53098,Watertown,53098","Address","High","43.206032","-88.708151"
"37","N2915 Cty. Rd. AB, Luxemburg, WI 54217","N2915 County Road AB,WI,Kewaunee County,United States,N2915 County Road AB, Luxemburg, WI 54217,Luxemburg,54217","Address","High","44.430259","-87.685278"
"38","311 North Rosera St., Lena, WI 54139","311 N Rosera St,WI,Oconto County,United States,311 N Rosera St, Lena, WI 54139,Lena,54139","Address","High","44.953909","-88.047133"
"39","7050 Morrison Rd., Greenleaf, WI 54126","7050 Morrison Rd,WI,Brown County,United States,7050 Morrison Rd, Greenleaf, WI 54126,Greenleaf,54126","Address","High","44.301647","-87.989053"
"40","W2994 Cty. Rd. HH, Malone, WI 53049","W2994 County Road HH,WI,Fond Du Lac County,United States,W2994 County Road HH, Malone, WI 53049,Malone,53049","Address","High","43.9212986753158","-88.3080032396851"
"41","W11299 Broek Rd., Stanley, WI 54768","W11299 Broek Rd,WI,Chippewa County,United States,W11299 Broek Rd, Stanley, WI 54768,Stanley,54768","Address","High","44.900589","-90.881429"
"42","200 Golf View Rd., Ste. 103, Cecil, WI 54111","200 Golfview Rd,WI,Shawano County,United States,200 Golfview Rd, Cecil, WI 54111,Cecil,54111","Address","High","44.8146583","-88.4481247"
"43","5907 St. Rd. 50 E., Lake Geneva, WI 53147","5907 State Road 50,WI,United States,5907 State Road 50, Lake Geneva, WI 53147,Lake Geneva,53147","Address","High","42.594002","-88.350444"
"44","113 W. 6th St., Marshfield, WI 54449","113 W 6th St,WI,Wood County,United States,113 W 6th St, Marshfield, WI 54449,Marshfield,54449","Address","High","44.662823","-90.177923"
"45","1150 Wisconsin Dells Pkwy. S., Lake Delton, WI 54640","1150 Wisconsin Dells Pkwy S,WI,Sauk County,United States,1150 Wisconsin Dells Pkwy S, Lake Delton, WI 53913,Lake Delton,53913","Address","Medium","43.5753833","-89.7794517"
"46","2800 W. Frontage Rd., Kenosha, WI 53144","2800 Frontage Rd,WI,Racine County,United States,2800 Frontage Rd, Sturtevant, WI 53126,Sturtevant,53126","Address","Medium","42.7562020968613","-87.9546980084149"
"47","1050 Industrial Dr., Muscoda, WI 53573","1050 Industrial Dr,WI,Grant County,United States,1050 Industrial Dr, Muscoda, WI 53573,Muscoda,53573","Address","High","43.1857442","-90.4297828"
"48","2248 Hammond Ave., Rice Lake, WI 54868","2248 Hammond Ave,WI,Barron County,United States,2248 Hammond Ave, Rice Lake, WI 54868,Rice Lake,54868","Address","High","45.52999","-91.739302"
"49","4494 Lake Circle, Windsor, WI 53598","4494 Lake Circle,WI,Dane County,United States,4494 Lake Circle, Windsor, WI 53598,Windsor,53598","Address","High","43.196312","-89.343518"
"50","2633 Development Dr., Suite 30, Green Bay, WI 54311","2633 Development Dr,WI,Brown County,United States,2633 Development Dr, Green Bay, WI 54311,Green Bay,54311","Address","High","44.455489","-87.995755"
"51","10898 Hwy. 10 W., Marshfield, WI 54449","10898 US-10 W,WI,Wood County,United States,10898 US-10 W, Marshfield, WI 54449,Marshfield,54449","Address","High","44.599059","-90.257887"
"52","915 N. Hwy. 141, Crivitz, WI 54114","915 N Highway 141,WI,Marinette County,United States,915 N Highway 141, Crivitz, WI 54114,Crivitz,54114","Address","High","45.236066","-87.996959"
"53","110 Eagle Dr., Cashton, WI 54619","110 Eagle Dr,WI,Monroe County,United States,110 Eagle Dr, Cashton, WI 54619,Cashton,54619","Address","High","43.737403","-90.799327"
"54","1201 E. Division St., Neillsville, WI 54456","1201 E Division St,WI,Clark County,United States,1201 E Division St, Neillsville, WI 54456,Neillsville,54456","Address","High","44.5531165","-90.5800717"
"55","10115 English Lake Rd., Manitowoc, WI 54220","10115 English Lake Rd,WI,Manitowoc County,United States,10115 English Lake Rd, Manitowoc, WI 54220,Manitowoc,54220","Address","High","44.051488","-87.800564"
"56","3240 Cty. Hwy. PP, Plymouth, WI 53073","3240 County Hwy-PP,WI,Sheboygan County,United States,3240 County Hwy-PP, Plymouth, WI 53073,Plymouth,53073","Address","High","43.7331933","-87.940295"
"57","205 S. 2nd St., Milwaukee, WI 53204","205 S 2nd St,WI,Milwaukee County,United States,205 S 2nd St, Milwaukee, WI 53204,Milwaukee,53204","Address","High","43.029227","-87.912813"
"58","H3590 Elderberry Rd., Colby, WI 54421","H3590 Elderberry Rd,WI,Clark County,United States,H3590 Elderberry Rd, Colby, WI 54421,Colby,54421","Address","High","44.931698","-90.3096567"
"59","248 Cty. Rd. S., Algoma, WI 54201","248 County Road S,WI,Kewaunee County,United States,248 County Road S, Algoma, WI 54201,Algoma,54201","Address","High","44.682287","-87.397231"
"60","N6312 Hwy. 151 S., Beaver Dam, WI 53916","N6312 US Highway 151,WI,Dodge County,United States,N6312 US Highway 151, Beaver Dam, WI 53916,Beaver Dam,53916","Address","High","43.422761","-88.899393"
"61","2082 Old Martin Rd., DePere, WI 54115","2082 Old Martin Rd,WI,Brown County,United States,2082 Old Martin Rd, De Pere, WI 54115,De Pere,54115","Address","High","44.400845","-88.064327"
"62","M241 Hwy. 97, Marshfield, WI 54449","M241 WI-97,WI,Wood County,United States,M241 WI-97, Marshfield, WI 54449,Marshfield,54449","Address","High","44.7076662","-90.1262588"
"63","W1968 US Hwy. 41, Marinette, WI 54143","W1968 US Highway 41,WI,Marinette County,United States,W1968 US Highway 41, Marinette, WI 54143,Marinette,54143","Address","High","45.06631","-87.693363"
"64","208 W. Water St., Shullsburg, WI 53586","208 W Water St,WI,Lafayette County,United States,208 W Water St, Shullsburg, WI 53586,Shullsburg,53586","Address","High","42.5725284","-90.2333178"
"65","W3075 Cty. Rd. EE, Monticello, WI 53570","W3075 County Road EE,WI,Green County,United States,W3075 County Road EE, Monticello, WI 53570,Monticello,53570","Address","High","42.740699","-89.515454"
"66","2735 Freedom Rd., Appleton, WI 54913","2735 Freedom Rd,WI,Outagamie County,United States,2735 Freedom Rd, Appleton, WI 54913,Appleton,54913","Address","High","44.3032318","-88.313842"
"67","Hwy. 23 – 1050 Wachter Ave., Plain, WI 53577","1050 Wachter Ave,WI,Sauk County,United States,1050 Wachter Ave, Plain, WI 53577,Plain,53577","Address","High","43.278498","-90.044292"
"68","8133 Hwy. 10, Whitelaw, WI 54247","8133 US Highway 10,WI,Manitowoc County,United States,8133 US Highway 10, Whitelaw, WI 54247,Whitelaw,54247","Address","High","44.144475","-87.767718"
"69","112 W. Wisconsin Ave., Tomahawk, WI 54487","112 W Wisconsin Ave,WI,Lincoln County,United States,112 W Wisconsin Ave, Tomahawk, WI 54487,Tomahawk,54487","Address","High","45.471256","-89.73124"
"70","185 Madison St., Hillsboro, WI 54634","185 Madison St,WI,Vernon County,United States,185 Madison St, Hillsboro, WI 54634,Hillsboro,54634","Address","High","43.652681","-90.3348518"
"71","1545 Main St., Mukwonago, WI 53149","1545 Main St,WI,Waukesha County,United States,1545 Main St, Mukwonago, WI 53149,Mukwonago,53149","Address","High","42.841404","-88.344572"
"72","1334 Milton Ave., Janesville, WI 53545","1334 Milton Ave,WI,Rock County,United States,1334 Milton Ave, Janesville, WI 53545,Janesville,53545","Address","High","42.701589","-89.008151"
"73","112 W. Ann St., Darlington, WI 53530","112 W Ann St,WI,Lafayette County,United States,112 W Ann St, Darlington, WI 53530,Darlington,53530","Address","High","42.6792867","-90.117415"
"74","12009 53rd Pl., Kenosha, WI 53144","12009 53rd Pl,WI,Kenosha County,United States,12009 53rd Pl, Kenosha, WI 53144,Kenosha,53144","Address","High","42.589141","-87.954445"
"75","15843 West 2nd St., Hayward, WI 54843","15843 W 2nd St,WI,Sawyer County,United States,15843 W 2nd St, Hayward, WI 54843,Hayward,54843","Address","High","46.0140483","-91.48491"
"76","401 S. Main St., Westby, WI 54667","401 S Main St,WI,Vernon County,United States,401 S Main St, Westby, WI 54667,Westby,54667","Address","High","43.650892","-90.858251"
"77","109 N. Mill St., Weyauwega, WI 54983","109 N Mill St,WI,Waupaca County,United States,109 N Mill St, Weyauwega, WI 54983,Weyauwega,54983","Address","High","44.321996","-88.934463"
"78","214 W. Henni St., Theresa, WI 53091","214 W Henni St,WI,Dodge County,United States,214 W Henni St, Theresa, WI 53091,Theresa,53091","Address","High","43.517499","-88.453198"
"79","W1965 St. Rd. 21, Berlin, WI 54923","W1965 State Road 21,WI,Green Lake County,United States,W1965 State Road 21, Berlin, WI 54923,Berlin,54923","Address","High","44.042606","-88.978573"
"80","1580 Lineville Rd., Suamico, WI 54313","1580 Lineville Rd,WI,Brown County,United States,1580 Lineville Rd, Suamico, WI 54313,Suamico,54313","Address","High","44.591002","-88.044691"
"81","215 W. Highland Ave., Milwaukee, WI 53203","215 W Highland Ave,WI,Milwaukee County,United States,215 W Highland Ave, Milwaukee, WI 53203,Milwaukee,53203","Address","High","43.044143","-87.914277"
"82","2970 Milwaukee Rd., Beloit, WI 53511","2970 Milwaukee Rd,WI,Rock County,United States,2970 Milwaukee Rd, Beloit, WI 53511,Beloit,53511","Address","High","42.525433","-88.979243"
"83","W7790 Hwy. 33, Beaver Dam, WI 53916","W7790 WI-33,WI,Dodge County,United States,W7790 WI-33, Beaver Dam, WI 53916,Beaver Dam,53916","Address","High","43.448683","-88.789126"
"84","W1668 Hwy. F, Brodhead, WI 53520","W1668 County Hwy-F,WI,Green County,United States,W1668 County Hwy-F, Brodhead, WI 53520,Brodhead,53520","Address","High","42.62705","-89.444074"
"85","N10140 Hwy. 110, Marion, WI 54950","N10140 WI-110,WI,Waupaca County,United States,N10140 WI-110, Marion, WI 54950,Marion,54950","Address","High","44.604842","-88.919212"
"86","N6765 St. Hwy. 25, Durand, WI 54736-4209","N6765 State Highway 25,WI,Pepin County,United States,N6765 State Highway 25, Durand, WI 54736,Durand,54736","Address","High","44.653678","-91.979283"
"87","W6117 Cty. Hwy. C, Monticello, WI 53570","W6117 County Hwy-C,WI,Green County,United States,W6117 County Hwy-C, Monticello, WI 53570,Monticello,53570","Address","High","42.741673","-89.662626"
"88","4879 Cty. Rd. V, DeForest, WI 53532","4879 County Road V,WI,Dane County,United States,4879 County Road V, De Forest, WI 53532,De Forest,53532","Address","High","43.249846","-89.372386"
"89","232 N. Wallace St., Ellsworth, WI 54011","232 N Wallace St,WI,Pierce County,United States,232 N Wallace St, Ellsworth, WI 54011,Ellsworth,54011","Address","High","44.735057","-92.463558"
"90","2189 Cty. Rd. DK, Sturgeon Bay, WI 54235","2189 County Road DK,WI,Door County,United States,2189 County Road DK, Sturgeon Bay, WI 54235,Sturgeon Bay,54235","Address","High","44.77625","-87.5102162"
"91","15982 Hwy. 11, Shullsburg, WI 53586","15982 WI-11,WI,Lafayette County,United States,15982 WI-11, Shullsburg, WI 53586,Shullsburg,53586","Address","High","42.581415","-90.131644"
"92","124 Main St., Luxemburg, WI 54217-1102","124 Main St,WI,Kewaunee County,United States,124 Main St, Luxemburg, WI 54217,Luxemburg,54217","Address","High","44.544387","-87.703029"
"93","W4481 Cty. Rd. GG, Cambria, WI 53923","W4481 County Road GG,WI,Columbia County,United States,W4481 County Road GG, Cambria, WI 53923,Cambria,53923","Address","High","43.646086","-89.106692"
"94","201 Morse St., Antigo, WI 54409","201 Morse St,WI,Langlade County,United States,201 Morse St, Antigo, WI 54409,Antigo,54409","Address","High","45.134095","-89.157748"
"95","W4192 Bristol Rd., Columbus, WI 53925","W4192 Bristol Rd,WI,United States,W4192 Bristol Rd, Columbus, WI 53925,Columbus,53925","Address","High","43.283038","-89.211228"
"96","855 Hickory St., Cleveland, WI 53015","855 Hickory St,WI,Manitowoc County,United States,855 Hickory St, Cleveland, WI 53015,Cleveland,53015","Address","High","43.911471","-87.746763"
"97","117 S. Royal Ave., Belgium, WI 53004","117 S Royal Ave,WI,Ozaukee County,United States,117 S Royal Ave, Belgium, WI 53004,Belgium,53004","Address","High","43.498967","-87.83585"
"98","123A) 8K 7813 Hwy. 42, Egg Harbor, WI 54209","7813 State Highway 42,WI,Door County,United States,7813 State Highway 42, Egg Harbor, WI 54209,Egg Harbor,54209","Address","High","45.050224","-87.280945"
"99","6317 Nesbitt Rd., Madison, WI 53719","6317 Nesbitt Rd,WI,Dane County,United States,6317 Nesbitt Rd, Madison, WI 53719,Madison,53719","Address","High","43.007225","-89.48376"
"100","N1598W Cty. Rd. A, Beechwood, WI 53001","N1598W County Road A,WI,Washington County,United States,N1598W County Road A, Beechwood, WI 53040,Beechwood,53040","Address","High","43.59698","-88.1204367"
"101","N3473 Wisconsin Ave., Shawano, WI 54166","N3473 Wisconsin Ave,WI,Shawano County,United States,N3473 Wisconsin Ave, Shawano, WI 54166,Shawano,54166","Address","High","44.714002","-88.667123"
"102","23920 Cty. Hwy. F, Ashland, WI 54806","23920 County Hwy-F,WI,Ashland County,United States,23920 County Hwy-F, Ashland, WI 54806,Ashland,54806","Address","High","46.50244","-91.0730333"
"103","3271 Hwy. P, Jackson, WI 53037","3271 County Hwy-P,WI,Washington County,United States,3271 County Hwy-P, Jackson, WI 53037,Jackson,53037","Address","High","43.309051","-88.181962"
"104","8281 3rd Ln., Marathon, WI 54448","8281 3rd Ln,WI,Marathon County,United States,8281 3rd Ln, Marathon City, WI 54448,Marathon City,54448","Address","High","45.04858","-89.86567"
"105","3480 Cty. Hwy. F, Blue Mounds, WI 53517","3480 County Hwy-F,WI,Dane County,United States,3480 County Hwy-F, Blue Mounds, WI 53517,Blue Mounds,53517","Address","High","43.0460915","-89.8019088"
"106","220 S. Bohemia Dr., Denmark, WI 54208","220 Bohemian Dr,WI,Brown County,United States,220 Bohemian Dr, Denmark, WI 54208,Denmark,54208","Address","High","44.345421","-87.841932"
"107","2924-120th Ave., Kenosha, WI 53144","2924 120th Ave,WI,Kenosha County,United States,2924 120th Ave, Kenosha, WI 53144,Kenosha,53144","Address","High","42.612763","-87.953145"
"108","S3797 Cty. Rd. G, La Valle, WI 53941","S3797 County Road G,WI,Sauk County,United States,S3797 County Road G, La Valle, WI 53941,La Valle,53941","Address","High","43.507599","-90.165574"
"109","1042 E. State St., Mauston, WI 53948","1042 E State St,WI,Juneau County,United States,1042 E State St, Mauston, WI 53948,Mauston,53948","Address","High","43.789738","-90.062106"
"110","1002 St. Hwy. 82, Mauston, WI 53948 ","1002 WI-82,WI,Juneau County,United States,1002 WI-82, Mauston, WI 53948,Mauston,53948","Address","High","43.7959515","-90.053616"
"111","428 Wall St., Mazomanie, WI 53560","428 Wall St,WI,Dane County,United States,428 Wall St, Mazomanie, WI 53560,Mazomanie,53560","Address","High","43.172111","-89.798991"
"112","2831 Parmenter St., Suite 160, Middleton, WI 53562","2831 Parmenter St,WI,Dane County,United States,2831 Parmenter St, Middleton, WI 53562,Middleton,53562","Address","High","43.105429","-89.510056"
"113","807 Phillips Blvd., Sauk City, WI 53583","807 Phillips Blvd,WI,Sauk County,United States,807 Phillips Blvd, Sauk City, WI 53583,Sauk City,53583","Address","High","43.271899","-89.735397"
"114","2000 S. 10th St., Manitowoc, WI 54220","2000 S 10th St,WI,Manitowoc County,United States,2000 S 10th St, Manitowoc, WI 54220,Manitowoc,54220","Address","High","44.075269","-87.661795"
"115","E5904 Mill Rd., Plain,WI 53577","E5904 Mill Rd,WI,Sauk County,United States,E5904 Mill Rd, Plain, WI 53577,Plain,53577","Address","High","43.2812478","-90.0240242"
"116","R754 Spruce Ln., Athens, WI 54411","R754 Spruce Ln,WI,Marathon County,United States,R754 Spruce Ln, Athens, WI 54411,Athens,54411","Address","High","44.973875","-90.03045"
"117","118 S. Fourth St., Abbotsford, WI 54405","118 S 4th St,WI,Clark County,United States,118 S 4th St, Abbotsford, WI 54405,Abbotsford,54405","Address","High","44.94437","-90.316163"
"118","20201 Point Creek Rd., Kiel, WI 53042","20201 Point Creek Rd,WI,Manitowoc County,United States,20201 Point Creek Rd, Kiel, WI 53042,Kiel,53042","Address","High","43.963725","-87.968976"
"119","S1597 Hanson Rd., Westby, WI 54667","S1597 Hanson Rd,WI,Vernon County,United States,S1597 Hanson Rd, Westby, WI 54667,Westby,54667","Address","High","43.671285","-90.7643788"
"120","W4848 State Line Rd., Walworth, WI 53184","W4848 State Line Rd,United States,W4848 State Line Rd, Walworth 53184,Walworth,53184","Address","High","42.495294","-88.537785"
"121","320 Commerce St., Mineral Point, WI 53565","320 Commerce St,WI,Iowa County,United States,320 Commerce St, Mineral Point, WI 53565,Mineral Point,53565","Address","High","42.860047","-90.177388"
"122","2010 Eaton Ave., Tomah, WI 54660","2010 Eaton Ave,WI,Monroe County,United States,2010 Eaton Ave, Tomah, WI 54660,Tomah,54660","Address","High","44.018916","-90.494939"
"123","410 Portland Rd., Waterloo, WI 53594","410 Portland Rd,WI,Jefferson County,United States,410 Portland Rd, Waterloo, WI 53594,Waterloo,53594","Address","High","43.187917","-88.976519"
"124","W5215 Cty. Rd. B, Fond du Lac, WI 54937","W5215 County Road B,WI,Fond Du Lac County,United States,W5215 County Road B, Fond du Lac, WI 54937,Fond du Lac,54937","Address","High","43.689808","-88.417352"
"125","N410 Speel School Rd., Appleton, WI 54915","N410 Speel School Rd,WI,Outagamie County,United States,N410 Speel School Rd, Appleton, WI 54915,Appleton,54915","Address","High","44.254743","-88.354101"
"126","W1031 Main Laney Dr., Pulaski, WI 54162","W1031 Main Laney Dr,WI,United States,W1031 Main Laney Dr, Pulaski, WI 54162,Pulaski,54162","Address","High","44.643745","-88.289005"
"127","8737 N. Deerwood Dr., Brown Deer, WI 53209","8737 N Deerwood Dr,WI,Milwaukee County,United States,8737 N Deerwood Dr, Brown Deer, WI 53209,Brown Deer,53209","Address","High","43.176817","-87.964054"
"128","112 S. Leonard St., West Salem, WI 54669","112 S Leonard St,WI,La Crosse County,United States,112 S Leonard St, West Salem, WI 54669,West Salem,54669","Address","High","43.896674","-91.081573"
"129","517 St. Rd. 82E, Mauston, WI 53948","517 State Road 82,WI,Juneau County,United States,517 State Road 82, Mauston, WI 53948,Mauston,53948","Address","High","43.797916","-90.066268"
"130","W1929 US Hwy. 10, Granton, WI 54436","W1929 US Highway 10,WI,Clark County,United States,W1929 US Highway 10, Granton, WI 54436,Granton,54436","Address","High","44.581481","-90.407868"
"131","W2616 Hwy. 11/81, Juda, WI 53566","W2616 State Road 11 and 81,WI,Green County,United States,W2616 State Road 11 and 81, Juda, WI 53550,Juda,53550","Address","High","42.59344","-89.500137"
"132","200 W. Liberty Dr., Thorp, WI 54771","200 W Liberty Dr,WI,Clark County,United States,200 W Liberty Dr, Thorp, WI 54771,Thorp,54771","Address","High","44.94995","-90.802083"
"133","N14505 Sandhill Ave., Curtiss, WI 54422","N14505 Sandhill Ave,WI,Clark County,United States,N14505 Sandhill Ave, Curtiss, WI 54422,Curtiss,54422","Address","High","44.944898","-90.397203"
"134","S237 St. Hwy. 35, Nelson, WI 54756","S237 WI-35,WI,Buffalo County,United States,S237 WI-35, Nelson, WI 54756,Nelson,54756","Address","High","44.418396","-92.006241"
"135","W8204 Spencer Rd., Willard, WI 54493","W8204 Spencer Rd,WI,Clark County,United States,W8204 Spencer Rd, Willard, WI 54493,Willard,54493","Address","High","44.7567853","-90.7256858"
"136","5510 Cty. Hwy. D, Cashton, WI 54619","County Hwy-D,WI,Monroe County,United States,County Hwy-D, Cashton, WI 54619,Cashton,54619","RoadBlock","Medium","43.6997999736192","-90.725619086432"
"137","331 S. Main St., Mayville, WI 53050","331 S Main St,WI,Dodge County,United States,331 S Main St, Mayville, WI 53050,Mayville,53050","Address","High","43.491316","-88.544944"
"138","230 S. Prairie Ave., Waukesha, WI 53186","230 S Prairie Ave,WI,Waukesha County,United States,230 S Prairie Ave, Waukesha, WI 53186,Waukesha,53186","Address","High","42.999776","-88.24392"
"139","100 Parkside Dr., Dorchester, WI 54425","100 Parkside Dr,WI,Clark County,United States,100 Parkside Dr, Dorchester, WI 54425,Dorchester,54425","Address","High","45.0029409","-90.3252876"
"140","5370 Hwy. 10 E., Stevens Point, WI 54482","5370 US Highway 10 E,WI,Portage County,United States,5370 US Highway 10 E, Stevens Point, WI 54482,Stevens Point,54482","Address","High","44.52446","-89.520985"
"141","430 N. Main St., Reeseville, WI 53579","430 N Main St,WI,Dodge County,United States,430 N Main St, Reeseville, WI 53579,Reeseville,53579","Address","High","43.312076","-88.838603"
"142","1810 Webster St., Hudson, WI 54016","1810 Webster St,WI,St. Croix County,United States,1810 Webster St, Hudson, WI 54016,Hudson,54016","Address","High","44.959938","-92.733683"
"143","7989 Arndt Rd., Oconto Falls, WI 54154","7989 Arndt Rd,WI,Oconto County,United States,7989 Arndt Rd, Oconto Falls, WI 54154,Oconto Falls,54154","Address","High","44.966328","-88.163831"
"144","3203 52nd St., Kenosha, WI 53144","3203 52nd St,WI,Kenosha County,United States,3203 52nd St, Kenosha, WI 53144,Kenosha,53144","Address","High","42.587894","-87.84847"
"145","12304 75th St., Kenosha, WI 53142","12304 75th St,WI,Kenosha County,United States,12304 75th St, Kenosha, WI 53142,Kenosha,53142","Address","High","42.568549","-87.957354"
"146","320 N. Broadway, Ste. 110, Green Bay, WI 54303","320 N Broadway,WI,Brown County,United States,320 N Broadway, Green Bay, WI 54303,Green Bay,54303","Address","High","44.51985","-88.019104"
"147","801 S. Wells St., Lake Geneva, WI 53147","801 S Wells St,WI,Walworth County,United States,801 S Wells St, Lake Geneva, WI 53147,Lake Geneva,53147","Address","High","42.582239","-88.424058"
"148","323 S. Main St., Viroqua, WI 54665","323 S Main St,WI,Vernon County,United States,323 S Main St, Viroqua, WI 54665,Viroqua,54665","Address","High","43.553269","-90.888927"
"149","8762 Hwy. 51 N., Minocqua, WI 54548","8762 US-51 N,WI,Oneida County,United States,8762 US-51 N, Minocqua, WI 54548,Minocqua,54548","Address","High","45.889527","-89.701507"
"150","7742 Cty. Rd. II, Fremont, WI 54940 ","7742 County Road II,WI,Waupaca County,United States,7742 County Road II, Fremont, WI 54940,Fremont,54940","Address","High","44.216748","-88.787857"
"151","5023 State Rd. 23, Dodgeville, WI 53533","5023 State Road 23,WI,Iowa County,United States,5023 State Road 23, Dodgeville, WI 53533,Dodgeville,53533","Address","High","43.056535","-90.134839"
"152","312 W. Main St., Chilton, WI 53014","312 W Main St,WI,Calumet County,United States,312 W Main St, Chilton, WI 53014,Chilton,53014","Address","High","44.026039","-88.170139"
"153","7281 Logerquist Rd., Baileys Harbor, WI 54202","7281 Logerquist Rd,WI,Door County,United States,7281 Logerquist Rd, Baileys Harbor, WI 54202,Baileys Harbor,54202","Address","High","45.024428","-87.172562"
"154","330 Reid St., DePere, WI 54115","330 Reid St,WI,Brown County,United States,330 Reid St, De Pere, WI 54115,De Pere,54115","Address","High","44.446581","-88.069207"
"155","9706 Cty. Rd. H, Marshfield, WI 54449","9706 County Road H,WI,Wood County,United States,9706 County Road H, Marshfield, WI 54449,Marshfield,54449","Address","High","44.656437","-90.198774"
"156","H4489 Maple Rd., Colby, WI 54421","H4489 Maple Rd,WI,Clark County,United States,H4489 Maple Rd, Colby, WI 54421,Colby,54421","Address","High","44.9159513","-90.2781422"
"157","4692 Rainbow Ridge Ct., Egg Harbor, WI 54209","4692 Rainbow Ridge Ct,WI,Door County,United States,4692 Rainbow Ridge Ct, Egg Harbor, WI 54209,Egg Harbor,54209","Address","High","45.037472","-87.282311"
"158","Hwy. 13/34, Rudolph, WI 54475","State Highway 13/34 & Main St,WI,Wood County,United States,State Highway 13/34 & Main St, Rudolph, WI 54475,Rudolph,54475","RoadIntersection","High","44.496112","-89.807764"
"159","24105 Cty. Hwy. MM, Cadott, WI 54727","24105 County Hwy-MM,WI,Chippewa County,United States,24105 County Hwy-MM, Cadott, WI 54727,Cadott,54727","Address","High","44.928761","-91.18407"
"160","N6853 Hwy. 78, South Wayne, WI 53587","WI-78,WI,Lafayette County,United States,WI-78, South Wayne, WI 53587,South Wayne,53587","RoadBlock","Medium","42.6356757202759","-89.947081028176"
"161","W3115 Jay Rd., Belgium, WI","W3115 Jay Rd,WI,Ozaukee County,United States,W3115 Jay Rd, Belgium, WI 53004,Belgium,53004","Address","High","43.52767","-87.942019"
"162","598 Seagull Dr., Mosinee, WI 54455","598 Seagull Dr,WI,Marathon County,United States,598 Seagull Dr, Mosinee, WI 54455,Mosinee,54455","Address","High","44.7188582","-89.6833762"
"163","915 N. Hwy. 141, Crivitz, WI 54114","915 N Highway 141,WI,Marinette County,United States,915 N Highway 141, Crivitz, WI 54114,Crivitz,54114","Address","High","45.236066","-87.996959"
"164","1401 Hwy. 23 N., Dodgeville, WI","1401 WI-23 N,WI,Iowa County,United States,1401 WI-23 N, Dodgeville, WI 53533,Dodgeville,53533","Address","High","42.9760783","-90.132525"
"165","529 First St., New Glarus, WI 53575","529 1st St,WI,Green County,United States,529 1st St, New Glarus, WI 53574,New Glarus,53574","Address","High","42.814673","-89.634048"
"166","554 1st St., New Glarus, WI 53574","554 1st St,WI,Green County,United States,554 1st St, New Glarus, WI 53574,New Glarus,53574","Address","High","42.814694","-89.633582"
"167","S2244 Langaard Lane, Westby, WI 54667","S2244 Langaard Ln,WI,Vernon County,United States,S2244 Langaard Ln, Westby, WI 54667,Westby,54667","Address","High","43.647519","-90.965216"
"168","420 Broadway St., Wisconsin Dells, WI 53965","420 Broadway,WI,Columbia County,United States,420 Broadway, Wisconsin Dells, WI 53965,Wisconsin Dells,53965","Address","High","43.627424","-89.771322"
"169","West Allis,WI 53219","WI,Milwaukee County,United States,West Allis, WI,West Allis","PopulatedPlace","High","43.0166282653809","-88.0072784423828"
